Workbook

Sheet Read Me First
A1: Project 1: E-commerce Website Manual Testing
A3: Application under test | B3: https://automationexercise.com (practice site for testers)
A4: Tester | B4: Aryan Bedade (edit if needed)
A5: Purpose | B5: Starter test suite. The test design (scenarios, steps, data, expected results) is prepared for you. YOU must execute every test case on the live site and fill in the yellow columns with what really happened.
A6: Cells you must edit | B6: Test Cases sheet: yellow columns Actual Result, Status, Browser, Executed On, Defect ID. Defect Log sheet: add one row for every real bug you find (use IDs like DEF-001). Do not edit the Summary sheet; it calculates automatically.
A7: Format example (Actual Result) | B7: Error message 'Your email or password is incorrect!' displayed in red below the form. User stayed on login page.
A8: Format example (Executed On) | B8: 2026-10-12
A9: Status values | B9: Pass / Fail / Blocked / Not Run (all rows start as Not Run)
A10: IMPORTANT | B10: Expected results were written from how this type of feature normally behaves. Websites change. If the live site behaves differently for a reason that is NOT a bug (for example a different message wording), correct the Expected Result column first, then execute. Where the expected result says 'record behaviour', no rule is documented, so decide from what you see whether it is a defect and explain in the Defect Log.
A11: Rule for honesty | B11: Never mark Pass without running the test. Only log defects you reproduced at least twice with screenshots saved in the screenshots folder.
A12: Test accounts | B12: Create your own account in REG-01. Do not use real personal data or real card numbers anywhere. Payment test data is dummy only.
A14: Yellow = you fill this in

Sheet Test Scenarios
A1: Scenario ID | B1: Module | C1: Scenario | D1: No. of Test Cases
A2: SC-01 | B2: Registration | C2: Register a new user with valid details | D2: =COUNTIF('Test Cases'!$C$2:$C$200,A2) -> 2
A3: SC-02 | B3: Registration | C3: Registration validation with blank or invalid inputs | D3: =COUNTIF('Test Cases'!$C$2:$C$200,A3) -> 9
A4: SC-03 | B4: Login | C4: Login with valid credentials and logout | D4: =COUNTIF('Test Cases'!$C$2:$C$200,A4) -> 2
A5: SC-04 | B5: Login | C5: Login validation with invalid or blank credentials | D5: =COUNTIF('Test Cases'!$C$2:$C$200,A5) -> 7
A6: SC-05 | B6: Product Search | C6: Search products with valid keywords | D6: =COUNTIF('Test Cases'!$C$2:$C$200,A6) -> 4
A7: SC-06 | B7: Product Search | C7: Search with invalid and edge-case keywords | D7: =COUNTIF('Test Cases'!$C$2:$C$200,A7) -> 4
A8: SC-07 | B8: Cart | C8: Add products and update quantity in cart | D8: =COUNTIF('Test Cases'!$C$2:$C$200,A8) -> 5
A9: SC-08 | B9: Cart | C9: Remove products and cart persistence | D9: =COUNTIF('Test Cases'!$C$2:$C$200,A9) -> 4
A10: SC-09 | B10: Checkout | C10: Checkout flow and order review | D10: =COUNTIF('Test Cases'!$C$2:$C$200,A10) -> 4
A11: SC-10 | B11: Checkout | C11: Payment form validation | D11: =COUNTIF('Test Cases'!$C$2:$C$200,A11) -> 4
A12: SC-11 | B12: Order Confirmation | C12: Order confirmation and behaviour after order | D12: =COUNTIF('Test Cases'!$C$2:$C$200,A12) -> 4

Sheet Test Cases
A1: TC ID | B1: Module | C1: Scenario ID | D1: Test Case Title | E1: Preconditions | F1: Test Steps | G1: Test Data | H1: Expected Result | I1: Type | J1: Technique | K1: Priority | L1: Actual Result | M1: Status | N1: Browser | O1: Executed On | P1: Defect ID
A2: REG-01 | B2: Registration | C2: SC-01 | D2: Register new user with all valid details | E2: Email is not registered yet | F2: 1. Open Signup / Login page 2. Enter name and a NEW email under New User Signup 3. Click Signup 4. Fill all account information fields 5. Click Create Account | G2: Name: Test Aryan; Email: aryan.qa101@mailinator.com (use a new email every run); Password: Test@1234; valid address, country, state, city, zipcode, mobile | H2: 'Account Created!' is displayed. Clicking Continue opens the home page with 'Logged in as <name>' in the header. | I2: Positive | J2: Functional | K2: High | M2: Not Run
A3: REG-02 | B3: Registration | C3: SC-01 | D3: Register leaving optional fields empty | E3: Email is not registered yet | F3: 1. Open Signup / Login page 2. Enter name and new email 3. Click Signup 4. Fill only mandatory fields, leave date of birth and both checkboxes empty 5. Click Create Account | G3: Optional: DOB, newsletter, special offers left empty | H3: Account is created successfully without the optional fields. | I3: Positive | J3: EP | K3: Medium | M3: Not Run
A4: REG-03 | B4: Registration | C4: SC-02 | D4: Signup with name and email both blank | E4: Signup / Login page open | F4: 1. Leave name and email empty 2. Click Signup | G4: Name: (blank); Email: (blank) | H4: Signup is blocked and a 'Please fill out this field' style message appears on the first empty field. | I4: Negative | J4: EP | K4: High | M4: Not Run
A5: REG-04 | B5: Registration | C5: SC-02 | D5: Signup with blank name, valid email | E5: Signup / Login page open | F5: 1. Leave name empty 2. Enter a valid new email 3. Click Signup | G5: Name: (blank); Email: aryan.qa102@mailinator.com | H5: Signup is blocked with a required-field message on name. | I5: Negative | J5: EP | K5: High | M5: Not Run
A6: REG-05 | B6: Registration | C6: SC-02 | D6: Signup with valid name, blank email | E6: Signup / Login page open | F6: 1. Enter a valid name 2. Leave email empty 3. Click Signup | G6: Name: Test Aryan; Email: (blank) | H6: Signup is blocked with a required-field message on email. | I6: Negative | J6: EP | K6: High | M6: Not Run
A7: REG-06 | B7: Registration | C7: SC-02 | D7: Signup with invalid email formats | E7: Signup / Login page open | F7: 1. Enter a valid name 2. Enter one invalid email from the test data 3. Click Signup 4. Repeat for each value | G7: user@; user.com; user@@mail.com; @mail.com; user mail@x.com | H7: Every invalid email is rejected with a validation message. The account information page does not open. | I7: Negative | J7: EP | K7: High | M7: Not Run
A8: REG-07 | B8: Registration | C8: SC-02 | D8: Signup with an already registered email | E8: Email from REG-01 is already registered | F8: 1. Enter any name 2. Enter the email used in REG-01 3. Click Signup | G8: Email: aryan.qa101@mailinator.com | H8: 'Email Address already exist!' is displayed and no second account is created. | I8: Negative | J8: Functional | K8: High | M8: Not Run
A9: REG-08 | B9: Registration | C9: SC-02 | D9: Create Account with all mandatory fields blank | E9: Signup done with a new name and email; account information page open | F9: 1. Leave password, first name, last name, address, country, state, city, zipcode and mobile empty 2. Click Create Account | G9: All mandatory fields blank | H9: Account is not created and the first empty mandatory field is flagged. | I9: Negative | J9: EP | K9: High | M9: Not Run
A10: REG-09 | B10: Registration | C10: SC-02 | D10: Password length boundaries | E10: Account information page open | F10: 1. Fill all fields with valid data 2. Enter a password from the test data 3. Click Create Account 4. Repeat with a new email for each value | G10: Passwords of 1, 6, 8, 20 and 50 characters | H10: No password rule is documented. Record whether each length is accepted. Log a defect if a 1-character password is accepted with no validation. | I10: Boundary | J10: BVA | K10: Medium | M10: Not Run
A11: REG-10 | B11: Registration | C11: SC-02 | D11: Letters in the mobile number field | E11: Account information page open | F11: 1. Fill all other fields with valid data 2. Enter letters in Mobile Number 3. Click Create Account | G11: Mobile: abcdefghij | H11: Record behaviour. A mobile field should reject or flag non-numeric input. Log a defect if the account is created. | I11: Negative | J11: EP | K11: Medium | M11: Not Run
A12: REG-11 | B12: Registration | C12: SC-02 | D12: Special characters and digits in name | E12: Signup / Login page open | F12: 1. Enter name from test data 2. Enter a valid new email 3. Click Signup 4. Complete account creation | G12: Name: @@##$$ ; Name: 12345 | H12: Record behaviour. Log a defect if clearly invalid names are accepted without any validation. | I12: Negative | J12: EP | K12: Low | M12: Not Run
A13: LOG-01 | B13: Login | C13: SC-03 | D13: Login with valid credentials | E13: User from REG-01 exists | F13: 1. Open Signup / Login page 2. Enter registered email and password under Login to your account 3. Click Login | G13: Email: aryan.qa101@mailinator.com; Password: Test@1234 | H13: User is logged in and the header shows 'Logged in as <name>'. | I13: Positive | J13: Functional | K13: High | M13: Not Run
... A50: ORD-04 | B50: Order Confirmation | C50: SC-11 | D50: Refresh and Back on confirmation page | E50: Order placed | F50: 1. Refresh the confirmation page 2. Press Back | G50: None | H50: No duplicate order is created and no error page is shown. Record behaviour. | I50: Negative | J50: Functional | K50: Medium | M50: Not Run

Sheet Defect Log
A1: Defect ID | B1: Title | C1: Module | D1: Related TC | E1: Environment | F1: Steps to Reproduce | G1: Expected Result | H1: Actual Result | I1: Severity | J1: Priority | K1: Status | L1: Reported On | M1: Retest Result | N1: Screenshot file
A2: EXAMPLE-DELETE-ME | B2: Short, specific title of what is wrong | C2: Module name | D2: TC-ID | E2: Chrome 130 / Windows 11 | F2: 1. Step one 2. Step two 3. Step three | G2: What should happen | H2: What actually happened | I2: Medium | J2: Medium | K2: New | L2: 2026-10-12 | M2: (fill after retest) | N2: screenshots/DEF-001.png

Sheet Summary
A1: Test Execution Summary (auto-calculated)
A3: Module | B3: Total | C3: Pass | D3: Fail | E3: Blocked | F3: Not Run | G3: Pass %
A4: Registration | B4: =COUNTIF('Test Cases'!$B$2:$B$200,A4) -> 11 | C4: =COUNTIFS('Test Cases'!$B$2:$B$200,$A4,'Test Cases'!$M$2:$M$200,"Pass") -> 0 | D4: =COUNTIFS('Test Cases'!$B$2:$B$200,$A4,'Test Cases'!$M$2:$M$200,"Fail") -> 0 | E4: =COUNTIFS('Test Cases'!$B$2:$B$200,$A4,'Test Cases'!$M$2:$M$200,"Blocked") -> 0 | F4: =COUNTIFS('Test Cases'!$B$2:$B$200,$A4,'Test Cases'!$M$2:$M$200,"Not Run") -> 11 | G4: =IF(B4=0,0,C4/B4) -> 0
A5: Login | B5: =COUNTIF('Test Cases'!$B$2:$B$200,A5) -> 9 | C5: =COUNTIFS('Test Cases'!$B$2:$B$200,$A5,'Test Cases'!$M$2:$M$200,"Pass") -> 0 | D5: =COUNTIFS('Test Cases'!$B$2:$B$200,$A5,'Test Cases'!$M$2:$M$200,"Fail") -> 0 | E5: =COUNTIFS('Test Cases'!$B$2:$B$200,$A5,'Test Cases'!$M$2:$M$200,"Blocked") -> 0 | F5: =COUNTIFS('Test Cases'!$B$2:$B$200,$A5,'Test Cases'!$M$2:$M$200,"Not Run") -> 9 | G5: =IF(B5=0,0,C5/B5) -> 0
A6: Product Search | B6: =COUNTIF('Test Cases'!$B$2:$B$200,A6) -> 8 | C6: =COUNTIFS('Test Cases'!$B$2:$B$200,$A6,'Test Cases'!$M$2:$M$200,"Pass") -> 0 | D6: =COUNTIFS('Test Cases'!$B$2:$B$200,$A6,'Test Cases'!$M$2:$M$200,"Fail") -> 0 | E6: =COUNTIFS('Test Cases'!$B$2:$B$200,$A6,'Test Cases'!$M$2:$M$200,"Blocked") -> 0 | F6: =COUNTIFS('Test Cases'!$B$2:$B$200,$A6,'Test Cases'!$M$2:$M$200,"Not Run") -> 8 | G6: =IF(B6=0,0,C6/B6) -> 0
A7: Cart | B7: =COUNTIF('Test Cases'!$B$2:$B$200,A7) -> 9 | C7: =COUNTIFS('Test Cases'!$B$2:$B$200,$A7,'Test Cases'!$M$2:$M$200,"Pass") -> 0 | D7: =COUNTIFS('Test Cases'!$B$2:$B$200,$A7,'Test Cases'!$M$2:$M$200,"Fail") -> 0 | E7: =COUNTIFS('Test Cases'!$B$2:$B$200,$A7,'Test Cases'!$M$2:$M$200,"Blocked") -> 0 | F7: =COUNTIFS('Test Cases'!$B$2:$B$200,$A7,'Test Cases'!$M$2:$M$200,"Not Run") -> 9 | G7: =IF(B7=0,0,C7/B7) -> 0
A8: Checkout | B8: =COUNTIF('Test Cases'!$B$2:$B$200,A8) -> 8 | C8: =COUNTIFS('Test Cases'!$B$2:$B$200,$A8,'Test Cases'!$M$2:$M$200,"Pass") -> 0 | D8: =COUNTIFS('Test Cases'!$B$2:$B$200,$A8,'Test Cases'!$M$2:$M$200,"Fail") -> 0 | E8: =COUNTIFS('Test Cases'!$B$2:$B$200,$A8,'Test Cases'!$M$2:$M$200,"Blocked") -> 0 | F8: =COUNTIFS('Test Cases'!$B$2:$B$200,$A8,'Test Cases'!$M$2:$M$200,"Not Run") -> 8 | G8: =IF(B8=0,0,C8/B8) -> 0
A9: Order Confirmation | B9: =COUNTIF('Test Cases'!$B$2:$B$200,A9) -> 4 | C9: =COUNTIFS('Test Cases'!$B$2:$B$200,$A9,'Test Cases'!$M$2:$M$200,"Pass") -> 0 | D9: =COUNTIFS('Test Cases'!$B$2:$B$200,$A9,'Test Cases'!$M$2:$M$200,"Fail") -> 0 | E9: =COUNTIFS('Test Cases'!$B$2:$B$200,$A9,'Test Cases'!$M$2:$M$200,"Blocked") -> 0 | F9: =COUNTIFS('Test Cases'!$B$2:$B$200,$A9,'Test Cases'!$M$2:$M$200,"Not Run") -> 4 | G9: =IF(B9=0,0,C9/B9) -> 0
A10: TOTAL | B10: =SUM(B4:B9) -> 49 | C10: =SUM(C4:C9) -> 0 | D10: =SUM(D4:D9) -> 0 | E10: =SUM(E4:E9) -> 0 | F10: =SUM(F4:F9) -> 49 | G10: =IF(B10=0,0,C10/B10) -> 0
A12: Defects by severity (rows with ID starting DEF-)
A13: Severity | B13: Count
A14: Critical | B14: =COUNTIFS('Defect Log'!$I$2:$I$200,A14,'Defect Log'!$A$2:$A$200,"DEF-*") -> 0
A15: High | B15: =COUNTIFS('Defect Log'!$I$2:$I$200,A15,'Defect Log'!$A$2:$A$200,"DEF-*") -> 0
A16: Medium | B16: =COUNTIFS('Defect Log'!$I$2:$I$200,A16,'Defect Log'!$A$2:$A$200,"DEF-*") -> 0
A17: Low | B17: =COUNTIFS('Defect Log'!$I$2:$I$200,A17,'Defect Log'!$A$2:$A$200,"DEF-*") -> 0
A18: Total defects | B18: =SUM(B14:B17) -> 0
